{"stats":{"minecraft:custom":{"minecraft:jump":62,"minecraft:time_since_rest":3825,"minecraft:damage_dealt":6,"minecraft:crouch_one_cm":30,"minecraft:play_one_minute":3825,"minecraft:leave_game":1,"minecraft:damage_taken":30,"minecraft:sprint_one_cm":13260,"minecraft:walk_on_water_one_cm":202,"minecraft:time_since_death":3825,"minecraft:walk_one_cm":3063,"minecraft:sneak_time":6,"minecraft:fall_one_cm":1045,"minecraft:fly_one_cm":13835},"minecraft:mined":{"minecraft:fern":1}},"DataVersion":2586}