{"stats":{"minecraft:dropped":{"minecraft:wheat_seeds":1,"minecraft:rotten_flesh":5,"minecraft:granite":8,"minecraft:pumpkin_seeds":5,"minecraft:stick":2,"minecraft:dirt":1,"minecraft:tipped_arrow":1,"minecraft:diorite":14,"minecraft:wooden_axe":4,"minecraft:andesite":18,"tombstone:grave_dust":2,"minecraft:iron_axe":1,"minecraft:arrow":3,"minecraft:stone_pickaxe":2,"minecraft:wooden_pickaxe":4},"minecraft:used":{"minecraft:flint_and_steel":1,"minecraft:stone_pickaxe":254,"minecraft:shield":2,"minecraft:wooden_pickaxe":15,"minecraft:cooked_chicken":4,"minecraft:torch":1,"minecraft:dirt":2,"minecraft:crafting_table":7,"minecraft:red_bed":1,"minecraft:granite":1,"minecraft:oak_log":1,"tombstone:bag_of_seeds":1,"minecraft:wooden_axe":3,"minecraft:apple":10,"minecraft:iron_axe":94,"minecraft:iron_pickaxe":509,"minecraft:stone_axe":30,"minecraft:cobblestone":198,"minecraft:furnace":2,"minecraft:cooked_porkchop":5,"tombstone:gift":2},"minecraft:mined":{"minecraft:diamond_ore":53,"minecraft:red_bed":1,"minecraft:crafting_table":6,"minecraft:granite":16,"minecraft:emerald_ore":1,"minecraft:poppy":1,"minecraft:cobblestone":15,"minecraft:spruce_leaves":1,"minecraft:lapis_ore":5,"minecraft:red_mushroom":1,"minecraft:diorite":14,"minecraft:spawner":2,"minecraft:furnace":2,"minecraft:iron_ore":44,"minecraft:spruce_log":4,"minecraft:andesite":24,"minecraft:coal_ore":45,"minecraft:oak_log":17,"minecraft:dirt":16,"minecraft:gravel":1,"minecraft:stone":542},"minecraft:broken":{"minecraft:stone_pickaxe":2,"minecraft:iron_pickaxe":2},"minecraft:killed":{"minecraft:cave_spider":3,"minecraft:pig":3,"minecraft:zombie_villager":1,"minecraft:spider":3,"minecraft:skeleton":7,"minecraft:zombie":7,"minecraft:chicken":4,"minecraft:stray":1},"minecraft:crafted":{"minecraft:oak_planks":64,"minecraft:cooked_porkchop":5,"minecraft:crafting_table":2,"minecraft:spruce_planks":16,"minecraft:wooden_pickaxe":2,"minecraft:cooked_chicken":4,"minecraft:furnace":2,"minecraft:stone_axe":1,"minecraft:diamond_helmet":1,"minecraft:diamond_leggings":1,"minecraft:diamond_pickaxe":1,"minecraft:shield":1,"minecraft:iron_axe":1,"minecraft:stick":24,"minecraft:iron_ingot":44,"minecraft:iron_pickaxe":3,"minecraft:stone_pickaxe":2,"minecraft:wooden_axe":2,"minecraft:diamond_boots":1,"minecraft:diamond_chestplate":1},"minecraft:picked_up":{"minecraft:wooden_axe":2,"minecraft:crafting_table":6,"minecraft:feather":5,"minecraft:chicken":4,"minecraft:andesite":24,"minecraft:wooden_pickaxe":2,"minecraft:oak_log":17,"minecraft:string":4,"minecraft:lapis_lazuli":32,"minecraft:dirt":6,"minecraft:red_bed":1,"minecraft:iron_axe":1,"minecraft:bone":12,"minecraft:bow":1,"minecraft:wheat_seeds":2,"minecraft:stone_pickaxe":2,"minecraft:iron_ore":44,"tombstone:bag_of_seeds":1,"minecraft:oak_planks":1,"minecraft:furnace":2,"minecraft:tipped_arrow":1,"minecraft:stick":4,"minecraft:oak_fence":2,"minecraft:porkchop":5,"tombstone:grave_dust":4,"minecraft:diorite":14,"minecraft:spruce_log":4,"minecraft:spider_eye":2,"minecraft:pumpkin_seeds":10,"minecraft:arrow":6,"minecraft:rotten_flesh":9,"minecraft:diamond":53,"minecraft:granite":16,"minecraft:emerald":1,"minecraft:coal":45,"minecraft:cobblestone":557},"minecraft:custom":{"minecraft:interact_with_furnace":15,"minecraft:mob_kills":29,"minecraft:interact_with_crafting_table":26,"minecraft:play_one_minute":102825,"minecraft:leave_game":1,"minecraft:time_since_death":37611,"minecraft:sleep_in_bed":1,"minecraft:time_since_rest":190,"minecraft:sprint_one_cm":286386,"minecraft:damage_taken":1039,"minecraft:walk_one_cm":257090,"minecraft:drop":29,"minecraft:damage_dealt":4581,"minecraft:damage_dealt_absorbed":40,"minecraft:swim_one_cm":67324,"minecraft:fly_one_cm":191802,"minecraft:open_chest":13,"minecraft:crouch_one_cm":747,"minecraft:deaths":1,"tombstone:undead_killed":16,"minecraft:sneak_time":535,"minecraft:walk_under_water_one_cm":5930,"minecraft:jump":1385,"minecraft:walk_on_water_one_cm":32179,"minecraft:fall_one_cm":31108}},"DataVersion":2586}