{"stats":{"minecraft:picked_up":{"minecraft:stick":2,"minecraft:crafting_table":1,"minecraft:leather":3,"minecraft:porkchop":5,"minecraft:stripped_spruce_wood":1,"minecraft:oak_log":33,"minecraft:stripped_spruce_log":1,"minecraft:spruce_sapling":1,"minecraft:diorite":2,"minecraft:ink_sac":1,"minecraft:spruce_log":35,"minecraft:red_bed":1,"minecraft:dirt":111,"minecraft:rotten_flesh":2,"minecraft:wheat_seeds":5,"minecraft:spruce_planks":2,"minecraft:beef":16,"minecraft:spruce_slab":1,"minecraft:mutton":4,"minecraft:snowball":28,"minecraft:white_wool":4,"minecraft:cobblestone":33},"minecraft:used":{"minecraft:oak_log":12,"minecraft:spruce_slab":23,"minecraft:stone_shovel":75,"minecraft:stone_pickaxe":25,"minecraft:stone_axe":103,"minecraft:dirt":4,"minecraft:crafting_table":3,"minecraft:red_bed":1,"minecraft:furnace":2,"minecraft:snowball":28},"minecraft:killed_by":{"minecraft:creeper":2,"minecraft:spider":1},"minecraft:crafted":{"minecraft:stone_shovel":1,"minecraft:spruce_slab":78,"minecraft:crafting_table":2,"minecraft:spruce_planks":148,"minecraft:stick":20,"minecraft:stone_pickaxe":1,"minecraft:furnace":2,"minecraft:stone_axe":2},"minecraft:killed":{"minecraft:sheep":3,"minecraft:zombie":1,"minecraft:pig":3,"minecraft:cow":8},"minecraft:dropped":{"minecraft:ink_sac":1},"minecraft:custom":{"minecraft:time_since_rest":1998,"minecraft:interact_with_furnace":3,"minecraft:sprint_one_cm":48462,"minecraft:damage_taken":793,"minecraft:walk_one_cm":181611,"minecraft:mob_kills":16,"minecraft:drop":1,"minecraft:damage_dealt":1928,"minecraft:talked_to_villager":1,"minecraft:interact_with_crafting_table":7,"minecraft:fly_one_cm":58024,"minecraft:open_chest":4,"minecraft:play_one_minute":29325,"tombstone:undead_killed":1,"minecraft:deaths":3,"minecraft:sneak_time":13,"minecraft:jump":583,"minecraft:leave_game":3,"minecraft:time_since_death":2163,"minecraft:sleep_in_bed":2,"minecraft:fall_one_cm":10019},"minecraft:mined":{"minecraft:spruce_planks":2,"minecraft:red_bed":1,"minecraft:stripped_spruce_wood":1,"minecraft:spruce_log":37,"minecraft:stripped_spruce_log":1,"minecraft:crafting_table":1,"minecraft:grass":70,"minecraft:grass_block":76,"minecraft:oak_log":34,"minecraft:dirt":1,"minecraft:tall_grass":9,"minecraft:spruce_leaves":4,"minecraft:stone":25,"minecraft:spruce_slab":1,"minecraft:oak_leaves":3}},"DataVersion":2586}