{"stats":{"minecraft:used":{"minecraft:stone_pickaxe":134,"minecraft:wooden_pickaxe":28,"minecraft:spruce_sapling":1,"minecraft:rotten_flesh":1,"minecraft:stone_axe":22,"minecraft:torch":12,"minecraft:dirt":4,"minecraft:cobblestone":3,"minecraft:sweet_berries":8,"minecraft:crafting_table":4,"minecraft:furnace":1},"minecraft:broken":{"minecraft:stone_pickaxe":1},"minecraft:crafted":{"minecraft:shield":1,"minecraft:crafting_table":2,"minecraft:spruce_planks":84,"minecraft:stick":52,"minecraft:wooden_pickaxe":2,"minecraft:iron_ingot":7,"minecraft:iron_pickaxe":1,"minecraft:stone_pickaxe":2,"minecraft:stone_sword":1,"minecraft:furnace":1,"minecraft:torch":24,"minecraft:stone_axe":1},"minecraft:custom":{"minecraft:time_since_rest":10721,"minecraft:interact_with_furnace":6,"minecraft:sprint_one_cm":73779,"minecraft:damage_taken":1191,"minecraft:walk_one_cm":62622,"minecraft:drop":4,"minecraft:damage_dealt":26,"minecraft:interact_with_crafting_table":10,"minecraft:fly_one_cm":16404,"minecraft:open_chest":1,"minecraft:play_one_minute":42155,"minecraft:deaths":4,"minecraft:sneak_time":17,"minecraft:jump":236,"minecraft:leave_game":3,"minecraft:time_since_death":11180,"minecraft:walk_on_water_one_cm":426,"minecraft:fall_one_cm":3095},"minecraft:picked_up":{"minecraft:crafting_table":2,"minecraft:sweet_berries":3,"minecraft:torch":1,"minecraft:spruce_sapling":1,"minecraft:spruce_log":28,"minecraft:dirt":31,"minecraft:rotten_flesh":1,"minecraft:bow":1,"minecraft:iron_ingot":1,"minecraft:iron_ore":25,"minecraft:coal":103,"minecraft:cobblestone":32,"minecraft:furnace":1},"minecraft:killed_by":{"minecraft:player":1,"minecraft:skeleton":1,"minecraft:zombie":1},"minecraft:dropped":{"minecraft:iron_ingot":2,"tombstone:grave_key":2},"minecraft:mined":{"minecraft:large_fern":1,"minecraft:furnace":1,"minecraft:iron_ore":25,"minecraft:spruce_log":29,"minecraft:crafting_table":2,"minecraft:grass_block":5,"minecraft:coal_ore":108,"minecraft:dirt":8,"minecraft:spruce_leaves":2,"minecraft:stone":27}},"DataVersion":2586}