{"stats":{"minecraft:dropped":{"minecraft:iron_ingot":2,"minecraft:wheat_seeds":14,"minecraft:stone_sword":3,"minecraft:crafting_table":1,"minecraft:feather":1,"minecraft:cobblestone":1,"minecraft:rotten_flesh":1,"minecraft:cooked_mutton":9,"tombstone:grave_key":16,"minecraft:andesite":2,"tombstone:grave_dust":1,"minecraft:arrow":2,"minecraft:stone_pickaxe":1,"minecraft:white_wool":4},"minecraft:used":{"minecraft:cooked_mutton":15,"minecraft:diorite":13,"minecraft:stone_sword":386,"minecraft:stone_shovel":6,"minecraft:stone_pickaxe":538,"minecraft:chest":3,"minecraft:wooden_pickaxe":287,"minecraft:shield":126,"minecraft:iron_sword":45,"minecraft:rotten_flesh":6,"minecraft:torch":95,"minecraft:dirt":62,"minecraft:crafting_table":19,"minecraft:granite":11,"minecraft:azure_bluet":1,"minecraft:apple":4,"minecraft:iron_pickaxe":218,"minecraft:spruce_sapling":5,"minecraft:gravel":22,"minecraft:stone_axe":89,"minecraft:cobblestone":29,"minecraft:sweet_berries":8,"minecraft:oak_sapling":4,"minecraft:furnace":9,"minecraft:cooked_porkchop":19,"minecraft:andesite":6,"tombstone:gift":4,"minecraft:egg":1,"minecraft:cooked_beef":3,"minecraft:pumpkin":1},"minecraft:mined":{"minecraft:diamond_ore":3,"minecraft:crafting_table":17,"minecraft:torch":4,"minecraft:granite":13,"minecraft:grass_block":29,"minecraft:chest":1,"minecraft:tall_grass":19,"minecraft:cobblestone":6,"minecraft:spruce_leaves":13,"minecraft:lapis_ore":4,"minecraft:diorite":5,"minecraft:wall_torch":4,"minecraft:large_fern":2,"minecraft:redstone_ore":30,"minecraft:furnace":9,"minecraft:iron_ore":167,"minecraft:spruce_log":56,"minecraft:andesite":10,"minecraft:pumpkin":1,"minecraft:azure_bluet":1,"minecraft:grass":98,"minecraft:coal_ore":299,"minecraft:oak_log":52,"minecraft:dirt":57,"minecraft:stone":479,"minecraft:gold_ore":12,"minecraft:oak_leaves":15,"minecraft:fern":4},"minecraft:broken":{"minecraft:stone_pickaxe":3,"minecraft:stone_sword":1,"minecraft:iron_boots":1,"minecraft:iron_helmet":1,"minecraft:wooden_pickaxe":4},"minecraft:killed":{"minecraft:pig":14,"minecraft:spider":1,"minecraft:sheep":15,"minecraft:skeleton":6,"minecraft:zombie":9,"minecraft:chicken":6,"minecraft:cow":4},"minecraft:crafted":{"minecraft:cooked_beef":9,"minecraft:oak_planks":144,"minecraft:stone_shovel":1,"minecraft:cooked_porkchop":25,"minecraft:leather_boots":1,"minecraft:crafting_table":9,"minecraft:spruce_planks":220,"minecraft:cooked_chicken":6,"minecraft:wooden_pickaxe":7,"minecraft:iron_helmet":1,"minecraft:iron_sword":1,"minecraft:furnace":3,"minecraft:bucket":1,"minecraft:stone_axe":4,"minecraft:cooked_mutton":25,"minecraft:iron_boots":1,"minecraft:bow":1,"minecraft:iron_chestplate":3,"minecraft:charcoal":16,"minecraft:shield":3,"minecraft:stick":148,"minecraft:iron_ingot":83,"minecraft:iron_pickaxe":3,"minecraft:stone_pickaxe":7,"minecraft:stone_sword":4,"minecraft:chest":2,"minecraft:gold_ingot":3,"minecraft:iron_leggings":2,"minecraft:torch":112},"minecraft:picked_up":{"minecraft:iron_chestplate":1,"minecraft:crafting_table":21,"minecraft:azure_bluet":1,"minecraft:feather":9,"minecraft:chicken":6,"minecraft:andesite":14,"minecraft:leather":6,"minecraft:flint":6,"minecraft:oak_log":52,"tombstone:grave_key":8,"minecraft:shield":1,"minecraft:lapis_lazuli":49,"minecraft:dirt":122,"minecraft:bone":8,"minecraft:apple":4,"minecraft:bow":2,"minecraft:wheat_seeds":15,"minecraft:spruce_planks":1,"minecraft:stone_pickaxe":2,"minecraft:iron_ingot":15,"minecraft:beef":9,"minecraft:iron_ore":170,"minecraft:light_gray_wool":3,"minecraft:chest":1,"minecraft:oak_planks":12,"minecraft:egg":1,"minecraft:furnace":10,"minecraft:stick":4,"minecraft:pumpkin":1,"minecraft:sweet_berries":3,"minecraft:torch":14,"minecraft:gravel":23,"minecraft:porkchop":27,"minecraft:redstone":123,"minecraft:spruce_sapling":5,"tombstone:grave_dust":3,"minecraft:diorite":14,"minecraft:spruce_log":55,"minecraft:gold_ore":12,"minecraft:stone_sword":2,"minecraft:arrow":9,"minecraft:rotten_flesh":7,"minecraft:diamond":3,"minecraft:granite":14,"minecraft:oak_sapling":4,"minecraft:black_wool":1,"minecraft:mutton":25,"minecraft:coal":316,"minecraft:white_wool":13,"minecraft:cobblestone":563},"minecraft:killed_by":{"minecraft:player":1,"minecraft:skeleton":2,"minecraft:creeper":3,"minecraft:zombie":1},"minecraft:custom":{"minecraft:interact_with_furnace":105,"minecraft:mob_kills":56,"minecraft:interact_with_crafting_table":62,"minecraft:play_one_minute":338354,"minecraft:leave_game":18,"minecraft:time_since_death":49662,"minecraft:time_since_rest":49036,"minecraft:sprint_one_cm":815352,"minecraft:damage_taken":6631,"minecraft:walk_one_cm":642356,"minecraft:drop":53,"minecraft:damage_dealt":6887,"minecraft:swim_one_cm":34853,"minecraft:fly_one_cm":199632,"minecraft:open_chest":12,"minecraft:crouch_one_cm":1552,"tombstone:undead_killed":15,"minecraft:deaths":14,"minecraft:sneak_time":952,"minecraft:walk_under_water_one_cm":6764,"minecraft:jump":2337,"minecraft:walk_on_water_one_cm":35918,"minecraft:fall_one_cm":33295}},"DataVersion":2586}