{"stats":{"minecraft:used":{"minecraft:cooked_mutton":12,"minecraft:diorite":5,"minecraft:stone_sword":147,"minecraft:stone_pickaxe":264,"minecraft:wooden_pickaxe":59,"minecraft:shield":110,"minecraft:iron_sword":25,"minecraft:rotten_flesh":3,"minecraft:torch":60,"minecraft:dirt":37,"minecraft:crafting_table":6,"minecraft:iron_pickaxe":13,"minecraft:spruce_sapling":1,"minecraft:gravel":22,"minecraft:stone_axe":27,"minecraft:cobblestone":8,"minecraft:sweet_berries":8,"minecraft:furnace":6,"minecraft:oak_sapling":1,"minecraft:cooked_porkchop":4,"minecraft:andesite":2,"tombstone:gift":2,"minecraft:pumpkin":1},"minecraft:mined":{"minecraft:crafting_table":5,"minecraft:torch":2,"minecraft:grass_block":5,"minecraft:cobblestone":2,"minecraft:spruce_leaves":2,"minecraft:diorite":2,"minecraft:wall_torch":2,"minecraft:large_fern":1,"minecraft:furnace":6,"minecraft:iron_ore":112,"minecraft:spruce_log":29,"minecraft:pumpkin":1,"minecraft:grass":13,"minecraft:coal_ore":139,"minecraft:dirt":9,"minecraft:stone":72,"minecraft:fern":3},"minecraft:killed_by":{"minecraft:player":1,"minecraft:skeleton":1,"minecraft:creeper":2,"minecraft:zombie":1},"minecraft:broken":{"minecraft:stone_pickaxe":2,"minecraft:stone_sword":1,"minecraft:wooden_pickaxe":1},"minecraft:custom":{"minecraft:interact_with_furnace":47,"minecraft:mob_kills":29,"minecraft:interact_with_crafting_table":16,"minecraft:play_one_minute":148921,"minecraft:leave_game":11,"minecraft:time_since_death":29695,"minecraft:time_since_rest":27296,"minecraft:sprint_one_cm":303329,"minecraft:damage_taken":3065,"minecraft:walk_one_cm":296081,"minecraft:drop":12,"minecraft:damage_dealt":3705,"minecraft:swim_one_cm":7542,"minecraft:fly_one_cm":62823,"minecraft:open_chest":1,"tombstone:undead_killed":11,"minecraft:deaths":7,"minecraft:sneak_time":17,"minecraft:walk_under_water_one_cm":74,"minecraft:jump":999,"minecraft:walk_on_water_one_cm":3955,"minecraft:fall_one_cm":11955},"minecraft:crafted":{"minecraft:cooked_beef":2,"minecraft:cooked_porkchop":6,"minecraft:crafting_table":2,"minecraft:spruce_planks":112,"minecraft:wooden_pickaxe":2,"minecraft:iron_helmet":1,"minecraft:cooked_chicken":1,"minecraft:iron_sword":1,"minecraft:furnace":1,"minecraft:bucket":1,"minecraft:stone_axe":1,"minecraft:cooked_mutton":18,"minecraft:bow":1,"minecraft:iron_boots":1,"minecraft:iron_chestplate":1,"minecraft:shield":1,"minecraft:stick":52,"minecraft:iron_ingot":63,"minecraft:iron_pickaxe":1,"minecraft:stone_pickaxe":2,"minecraft:stone_sword":1,"minecraft:iron_leggings":1,"minecraft:torch":56},"minecraft:picked_up":{"minecraft:crafting_table":5,"minecraft:feather":2,"minecraft:chicken":1,"minecraft:andesite":2,"minecraft:leather":2,"minecraft:flint":6,"minecraft:dirt":48,"minecraft:bone":7,"minecraft:bow":2,"minecraft:wheat_seeds":1,"minecraft:iron_ingot":1,"minecraft:beef":2,"minecraft:iron_ore":109,"minecraft:light_gray_wool":3,"minecraft:furnace":7,"minecraft:pumpkin":1,"minecraft:sweet_berries":3,"minecraft:torch":6,"minecraft:gravel":22,"minecraft:porkchop":6,"minecraft:spruce_sapling":1,"tombstone:grave_dust":3,"minecraft:diorite":5,"minecraft:spruce_log":28,"minecraft:stone_sword":1,"minecraft:arrow":7,"minecraft:rotten_flesh":3,"minecraft:oak_sapling":1,"minecraft:black_wool":1,"minecraft:mutton":18,"minecraft:coal":136,"minecraft:white_wool":9,"minecraft:cobblestone":105},"minecraft:killed":{"minecraft:pig":3,"minecraft:spider":1,"minecraft:sheep":11,"minecraft:skeleton":5,"minecraft:zombie":6,"minecraft:chicken":1,"minecraft:cow":1},"minecraft:dropped":{"minecraft:iron_ingot":2,"minecraft:wheat_seeds":1,"minecraft:stone_sword":1,"minecraft:cooked_mutton":6,"tombstone:grave_key":2}},"DataVersion":2586}