{"stats":{"minecraft:used":{"minecraft:cooked_mutton":6,"minecraft:iron_ore":5,"minecraft:stone_pickaxe":120,"minecraft:wooden_pickaxe":25,"minecraft:spruce_planks":8,"minecraft:shield":24,"minecraft:iron_sword":26,"minecraft:torch":11,"minecraft:dirt":7,"minecraft:crafting_table":3,"minecraft:granite":1,"minecraft:spruce_log":4,"minecraft:iron_pickaxe":92,"minecraft:stone_axe":125,"minecraft:light_gray_wool":3,"minecraft:cobblestone":20,"minecraft:sweet_berries":29,"minecraft:furnace":3,"tombstone:gift":2,"minecraft:cooked_beef":1},"minecraft:mined":{"minecraft:spruce_planks":8,"minecraft:white_bed":1,"minecraft:dandelion":3,"minecraft:crafting_table":1,"minecraft:granite":1,"minecraft:grass_block":1,"minecraft:cobblestone":3,"minecraft:spruce_leaves":14,"minecraft:sugar_cane":5,"minecraft:oak_planks":2,"minecraft:blue_bed":1,"minecraft:wall_torch":1,"minecraft:furnace":2,"minecraft:iron_ore":79,"minecraft:wheat":1,"minecraft:sweet_berry_bush":11,"minecraft:spruce_log":64,"minecraft:andesite":1,"minecraft:light_gray_wool":5,"minecraft:grass":13,"minecraft:potatoes":1,"minecraft:coal_ore":53,"minecraft:stone":77,"minecraft:gold_ore":2,"minecraft:oak_leaves":5,"minecraft:fern":1},"minecraft:killed_by":{"minecraft:creeper":1,"minecraft:spider":1,"minecraft:zombie":1},"minecraft:broken":{"minecraft:stone_axe":1},"minecraft:custom":{"minecraft:interact_with_furnace":17,"minecraft:mob_kills":15,"minecraft:interact_with_crafting_table":13,"minecraft:play_one_minute":113079,"minecraft:bell_ring":7,"minecraft:leave_game":15,"minecraft:time_since_death":2411,"minecraft:time_since_rest":12,"minecraft:sprint_one_cm":246611,"minecraft:damage_taken":1722,"minecraft:walk_one_cm":199480,"tombstone:sneak_grave":2,"minecraft:drop":3,"minecraft:damage_dealt":2771,"minecraft:swim_one_cm":24030,"minecraft:fly_one_cm":437214,"minecraft:crouch_one_cm":18043,"tombstone:undead_killed":10,"minecraft:deaths":4,"minecraft:sneak_time":5764,"minecraft:walk_under_water_one_cm":4358,"minecraft:jump":1678,"minecraft:walk_on_water_one_cm":4059,"minecraft:fall_one_cm":35187},"minecraft:crafted":{"minecraft:cooked_beef":1,"minecraft:crafting_table":2,"minecraft:spruce_planks":28,"minecraft:wooden_pickaxe":1,"minecraft:iron_helmet":1,"minecraft:iron_sword":1,"minecraft:furnace":1,"minecraft:stone_axe":1,"minecraft:air":0,"minecraft:iron_boots":1,"minecraft:iron_chestplate":1,"minecraft:shield":1,"minecraft:stick":12,"minecraft:iron_ingot":27,"minecraft:iron_pickaxe":1,"minecraft:stone_pickaxe":1,"minecraft:torch":12},"minecraft:picked_up":{"minecraft:crafting_table":1,"minecraft:leather":2,"minecraft:flint":1,"minecraft:gunpowder":4,"minecraft:blue_bed":1,"minecraft:dirt":20,"minecraft:cooked_mutton":6,"minecraft:bone":4,"minecraft:wheat_seeds":4,"minecraft:spruce_planks":8,"minecraft:beef":1,"minecraft:iron_ingot":1,"minecraft:iron_ore":80,"minecraft:light_gray_wool":6,"minecraft:sugar_cane":8,"minecraft:oak_planks":2,"minecraft:furnace":2,"minecraft:sweet_berries":20,"minecraft:torch":2,"minecraft:dandelion":2,"minecraft:gravel":4,"minecraft:spruce_sapling":7,"tombstone:grave_dust":1,"minecraft:white_bed":1,"minecraft:spruce_log":63,"minecraft:gold_ore":2,"minecraft:spider_eye":1,"minecraft:arrow":4,"minecraft:rotten_flesh":5,"minecraft:granite":1,"minecraft:snowball":14,"minecraft:coal":57,"minecraft:cobblestone":79},"minecraft:killed":{"minecraft:spider":1,"minecraft:creeper":2,"minecraft:skeleton":3,"minecraft:zombie":6,"minecraft:stray":1,"minecraft:cow":1},"minecraft:dropped":{"minecraft:sweet_berries":3,"minecraft:wheat_seeds":1,"minecraft:rotten_flesh":1}},"DataVersion":2586}