{"stats":{"minecraft:dropped":{"minecraft:iron_ingot":14,"minecraft:sweet_berries":3,"minecraft:wheat_seeds":1,"minecraft:rotten_flesh":1,"tombstone:grave_key":3,"minecraft:string":1},"minecraft:used":{"minecraft:cooked_mutton":10,"minecraft:diorite":2,"minecraft:iron_ore":6,"minecraft:spruce_door":4,"minecraft:stone_shovel":24,"minecraft:stone_pickaxe":338,"minecraft:wooden_pickaxe":42,"minecraft:spruce_planks":91,"minecraft:shield":24,"minecraft:iron_sword":26,"minecraft:torch":168,"minecraft:dirt":26,"minecraft:crafting_table":8,"minecraft:granite":2,"minecraft:spruce_log":4,"minecraft:iron_axe":80,"minecraft:iron_pickaxe":466,"minecraft:light_gray_wool":3,"minecraft:stone_axe":125,"minecraft:cobblestone":194,"minecraft:sweet_berries":29,"minecraft:furnace":14,"minecraft:andesite":3,"tombstone:gift":2,"minecraft:cooked_beef":1},"minecraft:mined":{"minecraft:spruce_planks":21,"minecraft:white_bed":1,"minecraft:dandelion":3,"minecraft:spruce_door":2,"minecraft:crafting_table":3,"minecraft:granite":5,"minecraft:grass_block":3,"minecraft:cobblestone":13,"minecraft:spruce_leaves":19,"minecraft:sugar_cane":5,"minecraft:oak_planks":2,"minecraft:diorite":37,"minecraft:wall_torch":8,"minecraft:blue_bed":1,"minecraft:large_fern":3,"minecraft:redstone_ore":6,"minecraft:furnace":4,"minecraft:iron_ore":135,"minecraft:wheat":1,"minecraft:sweet_berry_bush":11,"minecraft:spruce_log":125,"minecraft:andesite":5,"minecraft:light_gray_wool":5,"minecraft:grass":13,"minecraft:potatoes":1,"minecraft:oak_log":1,"minecraft:coal_ore":81,"minecraft:gravel":27,"minecraft:dirt":5,"minecraft:stone":517,"minecraft:gold_ore":2,"minecraft:oak_leaves":6,"minecraft:fern":1},"minecraft:broken":{"minecraft:stone_pickaxe":1,"minecraft:stone_axe":1,"minecraft:iron_pickaxe":1},"minecraft:killed":{"minecraft:spider":2,"minecraft:creeper":2,"minecraft:sheep":1,"minecraft:skeleton":4,"minecraft:zombie":7,"minecraft:stray":1,"minecraft:cow":1},"minecraft:crafted":{"minecraft:cooked_beef":1,"minecraft:stone_shovel":1,"minecraft:crafting_table":5,"minecraft:spruce_planks":268,"minecraft:wooden_pickaxe":2,"minecraft:iron_helmet":2,"minecraft:iron_sword":1,"minecraft:spruce_door":3,"minecraft:furnace":10,"minecraft:stone_axe":1,"minecraft:cooked_mutton":1,"minecraft:air":0,"minecraft:iron_boots":2,"minecraft:iron_chestplate":2,"minecraft:shield":2,"minecraft:iron_axe":1,"minecraft:stick":52,"minecraft:iron_ingot":74,"minecraft:iron_pickaxe":3,"minecraft:stone_pickaxe":3,"minecraft:iron_leggings":1,"minecraft:torch":52},"minecraft:picked_up":{"minecraft:crafting_table":3,"minecraft:andesite":4,"minecraft:leather":2,"minecraft:flint":1,"tombstone:grave_key":1,"minecraft:oak_log":1,"minecraft:gunpowder":4,"minecraft:dirt":39,"minecraft:blue_bed":1,"minecraft:string":2,"minecraft:cooked_mutton":9,"minecraft:bone":4,"minecraft:wheat_seeds":4,"minecraft:spruce_planks":20,"minecraft:iron_ingot":2,"minecraft:beef":1,"minecraft:iron_ore":145,"minecraft:light_gray_wool":6,"minecraft:sugar_cane":8,"minecraft:oak_planks":2,"minecraft:furnace":4,"minecraft:stick":2,"minecraft:sweet_berries":20,"minecraft:torch":160,"minecraft:dandelion":2,"minecraft:gravel":31,"minecraft:spruce_sapling":7,"tombstone:grave_dust":1,"minecraft:diorite":33,"minecraft:white_bed":1,"minecraft:spruce_log":123,"minecraft:redstone":29,"minecraft:gold_ore":2,"minecraft:spruce_door":2,"minecraft:spider_eye":1,"minecraft:arrow":4,"minecraft:rotten_flesh":5,"minecraft:granite":5,"minecraft:mutton":1,"minecraft:snowball":15,"minecraft:coal":102,"minecraft:white_wool":1,"minecraft:cobblestone":523},"minecraft:killed_by":{"minecraft:skeleton":2,"minecraft:creeper":1,"minecraft:spider":1,"minecraft:zombie":1},"minecraft:custom":{"minecraft:interact_with_furnace":43,"minecraft:mob_kills":19,"minecraft:interact_with_crafting_table":32,"minecraft:play_one_minute":291142,"minecraft:bell_ring":7,"minecraft:leave_game":20,"minecraft:time_since_death":140147,"minecraft:time_since_rest":139531,"minecraft:sprint_one_cm":391509,"minecraft:damage_taken":2711,"minecraft:walk_one_cm":381238,"tombstone:sneak_grave":2,"minecraft:drop":9,"minecraft:damage_dealt":3353,"minecraft:swim_one_cm":41168,"minecraft:fly_one_cm":1166332,"minecraft:open_chest":1,"minecraft:crouch_one_cm":31047,"tombstone:undead_killed":12,"minecraft:deaths":8,"minecraft:sneak_time":14283,"minecraft:walk_under_water_one_cm":22272,"minecraft:jump":3076,"minecraft:walk_on_water_one_cm":21527,"minecraft:fall_one_cm":69554}},"DataVersion":2586}