{"stats":{"minecraft:mined":{"minecraft:spruce_planks":8,"minecraft:white_bed":1,"minecraft:furnace":2,"minecraft:iron_ore":11,"minecraft:wheat":1,"minecraft:sweet_berry_bush":11,"minecraft:dandelion":3,"minecraft:spruce_log":62,"minecraft:light_gray_wool":2,"minecraft:crafting_table":1,"minecraft:grass":4,"minecraft:potatoes":1,"minecraft:coal_ore":38,"minecraft:spruce_leaves":14,"minecraft:stone":39,"minecraft:oak_planks":2,"minecraft:sugar_cane":5,"minecraft:blue_bed":1,"minecraft:fern":1},"minecraft:custom":{"minecraft:time_since_rest":20806,"minecraft:interact_with_furnace":4,"minecraft:sprint_one_cm":129891,"minecraft:damage_taken":425,"minecraft:walk_one_cm":99899,"tombstone:sneak_grave":2,"minecraft:mob_kills":5,"minecraft:drop":1,"minecraft:damage_dealt":1024,"minecraft:interact_with_crafting_table":6,"minecraft:fly_one_cm":234552,"minecraft:play_one_minute":53923,"minecraft:crouch_one_cm":11429,"tombstone:undead_killed":2,"minecraft:deaths":1,"minecraft:bell_ring":7,"minecraft:sneak_time":3644,"minecraft:jump":653,"minecraft:leave_game":11,"minecraft:time_since_death":21175,"minecraft:walk_on_water_one_cm":252,"minecraft:fall_one_cm":12928},"minecraft:killed_by":{"minecraft:spider":1},"minecraft:used":{"minecraft:stone_pickaxe":67,"minecraft:wooden_pickaxe":25,"minecraft:spruce_planks":8,"minecraft:stone_axe":116,"minecraft:torch":4,"minecraft:dirt":7,"minecraft:sweet_berries":29,"minecraft:crafting_table":2,"minecraft:furnace":2,"tombstone:gift":1,"minecraft:cooked_beef":1},"minecraft:dropped":{"minecraft:sweet_berries":3},"minecraft:killed":{"minecraft:zombie":1,"minecraft:stray":1,"minecraft:creeper":2,"minecraft:cow":1},"minecraft:crafted":{"minecraft:cooked_beef":1,"minecraft:crafting_table":2,"minecraft:spruce_planks":28,"minecraft:stick":8,"minecraft:wooden_pickaxe":1,"minecraft:stone_pickaxe":1,"minecraft:furnace":1,"minecraft:torch":8,"minecraft:stone_axe":1,"minecraft:air":0},"minecraft:picked_up":{"minecraft:crafting_table":1,"minecraft:sweet_berries":20,"minecraft:leather":2,"minecraft:dandelion":2,"minecraft:spruce_sapling":7,"minecraft:gunpowder":2,"minecraft:white_bed":1,"minecraft:spruce_log":61,"minecraft:dirt":8,"minecraft:blue_bed":1,"minecraft:arrow":1,"minecraft:wheat_seeds":1,"minecraft:spruce_planks":8,"minecraft:beef":1,"minecraft:iron_ingot":1,"minecraft:iron_ore":11,"minecraft:light_gray_wool":5,"minecraft:sugar_cane":8,"minecraft:oak_planks":2,"minecraft:coal":40,"minecraft:snowball":14,"minecraft:cobblestone":35,"minecraft:furnace":2}},"DataVersion":2586}