{"stats":{"minecraft:killed":{"minecraft:skeleton":2,"minecraft:zombie":2},"minecraft:used":{"minecraft:cooked_mutton":1,"minecraft:stone_shovel":603,"minecraft:stone_pickaxe":252,"minecraft:oak_planks":2,"minecraft:wooden_pickaxe":42,"minecraft:blue_bed":1,"minecraft:dirt":183,"minecraft:crafting_table":4,"minecraft:white_bed":2,"minecraft:oak_log":40,"minecraft:wooden_axe":1,"minecraft:bread":6,"minecraft:stone_axe":109,"minecraft:cobblestone":6,"minecraft:furnace":2,"tombstone:gift":2},"minecraft:broken":{"minecraft:stone_pickaxe":1,"minecraft:stone_axe":1,"minecraft:stone_shovel":4},"minecraft:crafted":{"minecraft:oak_planks":28,"minecraft:stone_shovel":5,"minecraft:crafting_table":2,"minecraft:wooden_pickaxe":1,"minecraft:stone_axe":1,"minecraft:cooked_mutton":1,"minecraft:stick":16,"minecraft:stone_pickaxe":2,"minecraft:wooden_axe":1},"minecraft:custom":{"minecraft:interact_with_furnace":2,"minecraft:mob_kills":6,"minecraft:interact_with_crafting_table":12,"minecraft:play_one_minute":54778,"minecraft:leave_game":2,"minecraft:time_since_death":17169,"minecraft:sleep_in_bed":3,"minecraft:time_since_rest":14084,"minecraft:sprint_one_cm":125847,"minecraft:damage_taken":653,"minecraft:walk_one_cm":153046,"minecraft:drop":3,"minecraft:damage_dealt":1496,"minecraft:damage_dealt_absorbed":19,"minecraft:swim_one_cm":895,"minecraft:fly_one_cm":104359,"minecraft:player_kills":2,"minecraft:open_chest":3,"minecraft:crouch_one_cm":54,"tombstone:undead_killed":4,"minecraft:deaths":1,"minecraft:sneak_time":15,"minecraft:walk_under_water_one_cm":1259,"minecraft:jump":694,"minecraft:walk_on_water_one_cm":8198,"minecraft:fall_one_cm":16010},"minecraft:picked_up":{"minecraft:crafting_table":2,"minecraft:andesite":53,"minecraft:oak_log":72,"tombstone:grave_key":1,"minecraft:blue_bed":1,"minecraft:dirt":584,"minecraft:bone":4,"minecraft:stonecutter":1,"minecraft:bow":1,"minecraft:wheat_seeds":15,"minecraft:iron_ore":7,"minecraft:furnace":4,"minecraft:stick":4,"tombstone:grave_dust":1,"minecraft:ink_sac":1,"minecraft:white_bed":2,"minecraft:arrow":3,"minecraft:rotten_flesh":5,"minecraft:black_wool":1,"minecraft:mutton":11,"minecraft:coal":20,"minecraft:white_wool":7,"minecraft:cobblestone":211},"minecraft:killed_by":{"minecraft:creeper":1},"minecraft:dropped":{"minecraft:bread":2,"tombstone:grave_key":1},"minecraft:mined":{"minecraft:white_bed":2,"minecraft:crafting_table":2,"minecraft:grass_block":274,"minecraft:tall_grass":5,"minecraft:spruce_leaves":5,"minecraft:blue_bed":1,"minecraft:furnace":4,"minecraft:iron_ore":7,"minecraft:andesite":53,"minecraft:grass":15,"minecraft:oak_log":72,"minecraft:coal_ore":20,"minecraft:dirt":322,"minecraft:stonecutter":1,"minecraft:stone":209,"minecraft:oak_leaves":9}},"DataVersion":2586}