{"stats":{"minecraft:killed":{"minecraft:pig":2,"minecraft:spider":1,"minecraft:sheep":4,"minecraft:zombie":1,"minecraft:cow":1},"minecraft:used":{"minecraft:stone_shovel":129,"minecraft:stone_pickaxe":125,"minecraft:spruce_planks":32,"minecraft:wooden_pickaxe":57,"minecraft:stone":48,"minecraft:white_wool":1,"minecraft:dirt":115,"minecraft:mutton":2,"minecraft:crafting_table":4,"minecraft:white_bed":2,"minecraft:granite":6,"minecraft:wooden_axe":33,"minecraft:black_wool":1,"minecraft:bread":2,"minecraft:stone_bricks":4,"minecraft:stone_axe":27,"minecraft:cobblestone":8,"minecraft:furnace":1,"minecraft:cooked_beef":2},"minecraft:broken":{"minecraft:wooden_pickaxe":1},"minecraft:crafted":{"minecraft:cooked_beef":2,"minecraft:stone_shovel":1,"minecraft:cooked_porkchop":6,"minecraft:crafting_table":1,"minecraft:spruce_planks":72,"minecraft:wooden_pickaxe":1,"minecraft:stone":80,"minecraft:stone_axe":1,"minecraft:cooked_mutton":4,"minecraft:stick":12,"minecraft:stone_pickaxe":1,"minecraft:wooden_axe":1,"minecraft:stone_bricks":8},"minecraft:custom":{"minecraft:interact_with_furnace":29,"minecraft:mob_kills":9,"minecraft:interact_with_crafting_table":26,"minecraft:play_one_minute":80934,"minecraft:leave_game":2,"minecraft:time_since_death":80934,"minecraft:sleep_in_bed":3,"minecraft:time_since_rest":3280,"minecraft:sprint_one_cm":87853,"minecraft:damage_taken":295,"minecraft:walk_one_cm":112761,"minecraft:drop":4,"minecraft:damage_dealt":1123,"minecraft:swim_one_cm":3166,"minecraft:fly_one_cm":67715,"minecraft:player_kills":1,"minecraft:open_chest":3,"minecraft:crouch_one_cm":9499,"tombstone:undead_killed":1,"minecraft:sneak_time":4508,"minecraft:walk_under_water_one_cm":175,"minecraft:jump":508,"minecraft:walk_on_water_one_cm":2146,"minecraft:fall_one_cm":5978},"minecraft:picked_up":{"minecraft:crafting_table":3,"minecraft:andesite":14,"minecraft:leather":2,"minecraft:dirt":173,"minecraft:cooked_mutton":4,"minecraft:bone":2,"minecraft:wheat_seeds":11,"minecraft:bell":1,"minecraft:beef":2,"minecraft:iron_ore":6,"minecraft:sugar_cane":4,"minecraft:furnace":1,"minecraft:stick":1,"minecraft:porkchop":6,"minecraft:spruce_sapling":1,"minecraft:white_bed":2,"minecraft:spruce_log":20,"minecraft:arrow":1,"minecraft:stone_shovel":1,"minecraft:rotten_flesh":1,"minecraft:granite":6,"minecraft:bread":2,"minecraft:black_wool":2,"minecraft:coal":29,"minecraft:mutton":6,"minecraft:snowball":12,"minecraft:white_wool":4,"minecraft:cobblestone":132},"minecraft:dropped":{"minecraft:stone_shovel":1,"minecraft:cobblestone":12,"minecraft:rotten_flesh":1},"minecraft:mined":{"minecraft:white_bed":2,"minecraft:crafting_table":3,"minecraft:granite":6,"minecraft:grass_block":80,"minecraft:tall_grass":21,"minecraft:cobblestone":2,"minecraft:spruce_leaves":3,"minecraft:sugar_cane":3,"minecraft:furnace":1,"minecraft:iron_ore":6,"minecraft:spruce_log":21,"minecraft:andesite":14,"minecraft:black_wool":1,"minecraft:grass":78,"minecraft:coal_ore":29,"minecraft:dirt":94,"minecraft:packed_ice":3,"minecraft:stone":121,"minecraft:white_wool":1}},"DataVersion":2586}