{"stats":{"minecraft:used":{"minecraft:rotten_flesh":1,"minecraft:dirt":19,"tombstone:gift":2,"minecraft:dandelion":1},"minecraft:custom":{"minecraft:time_since_rest":2064,"minecraft:interact_with_furnace":1,"minecraft:play_one_minute":12670,"minecraft:sprint_one_cm":36820,"minecraft:damage_taken":521,"minecraft:deaths":2,"minecraft:walk_one_cm":12659,"minecraft:sneak_time":4,"minecraft:walk_under_water_one_cm":20,"minecraft:drop":1,"minecraft:jump":236,"minecraft:damage_dealt":89,"minecraft:leave_game":2,"minecraft:walk_on_water_one_cm":8260,"minecraft:time_since_death":2898,"minecraft:interact_with_crafting_table":1,"minecraft:swim_one_cm":226,"minecraft:fall_one_cm":5516,"minecraft:fly_one_cm":44420},"minecraft:picked_up":{"minecraft:rotten_flesh":1,"minecraft:bow":1,"minecraft:dandelion":1,"minecraft:oak_log":10,"minecraft:white_bed":1,"minecraft:blue_bed":1,"minecraft:dirt":19},"minecraft:killed_by":{"minecraft:player":2},"minecraft:dropped":{"minecraft:bow":1},"minecraft:mined":{"minecraft:oak_log":10,"minecraft:grass_block":5,"minecraft:white_bed":1,"minecraft:dirt":15,"minecraft:blue_bed":1}},"DataVersion":2586}